"Date","Price","Open","High","Low","Vol.","Change %"
"30-05-2024","436.95","449.00","449.50","435.10","10.36M","-3.07%"
"29-05-2024","450.80","454.00","455.50","449.50","4.88M","-1.15%"
"28-05-2024","456.05","454.00","457.25","453.10","7.89M","0.80%"
"27-05-2024","452.45","462.00","462.15","451.60","20.49M","-2.42%"
"24-05-2024","463.65","467.00","470.50","462.00","4.10M","-0.46%"
"23-05-2024","465.80","462.50","468.00","461.75","6.59M","0.98%"
"22-05-2024","461.30","462.90","463.45","458.85","3.88M","0.09%"
"21-05-2024","460.90","463.00","464.80","459.70","4.23M","-0.36%"
"18-05-2024","462.55","460.70","463.15","459.15","439.81K","0.34%"
"17-05-2024","461.00","464.40","464.40","460.05","3.44M","-0.74%"
"16-05-2024","464.45","462.00","467.50","456.10","7.31M","1.34%"
"15-05-2024","458.30","456.35","459.75","454.65","2.40M","0.43%"
"14-05-2024","456.35","452.70","459.90","452.20","2.45M","0.97%"
"13-05-2024","451.95","451.85","453.25","445.00","3.56M","0.08%"
"10-05-2024","451.60","454.35","457.50","450.60","3.33M","-0.94%"
"09-05-2024","455.90","461.75","464.40","454.05","4.62M","-1.44%"
"08-05-2024","462.55","466.00","466.40","461.45","4.10M","-0.45%"
"07-05-2024","464.65","461.75","465.30","454.05","4.64M","1.35%"
"06-05-2024","458.45","458.05","462.50","457.50","3.46M","0.24%"
"03-05-2024","457.35","460.40","462.00","453.20","4.87M","-0.01%"
"02-05-2024","457.40","462.40","463.00","455.45","7.47M","-1.08%"
"30-04-2024","462.40","463.00","466.75","461.50","4.45M","-0.12%"
"29-04-2024","462.95","467.65","468.00","461.60","3.62M","-0.36%"
"26-04-2024","464.60","461.90","475.80","461.60","10.74M","0.78%"
"25-04-2024","461.00","458.90","462.55","455.80","5.90M","0.24%"
"24-04-2024","459.90","463.90","464.65","458.60","2.96M","-0.48%"
"23-04-2024","462.10","466.80","466.80","460.20","5.16M","0.02%"
"22-04-2024","462.00","452.75","466.15","450.00","9.44M","2.04%"
"19-04-2024","452.75","440.00","453.90","437.00","10.24M","1.89%"
"18-04-2024","444.35","452.50","455.45","442.85","10.99M","-0.89%"
"16-04-2024","448.35","453.05","458.50","444.80","10.72M","-2.39%"
"15-04-2024","459.35","466.45","468.35","458.20","6.09M","-2.42%"
"12-04-2024","470.75","475.00","480.00","470.00","6.59M","-1.37%"
"10-04-2024","477.30","477.50","479.45","473.10","5.39M","0.32%"
"09-04-2024","475.80","483.95","485.25","475.20","7.90M","-0.85%"
"08-04-2024","479.90","490.00","491.60","478.20","13.32M","-1.06%"
"05-04-2024","485.05","486.50","487.15","482.55","3.21M","-0.48%"
"04-04-2024","487.40","485.80","491.95","479.60","8.00M","0.87%"
"03-04-2024","483.20","480.00","487.70","475.95","6.90M","0.42%"
"02-04-2024","481.20","481.95","482.70","479.60","3.47M","-0.77%"
"01-04-2024","484.95","483.70","486.40","481.55","3.02M","1.01%"
"28-03-2024","480.10","476.70","483.05","475.30","7.73M","1.65%"
"27-03-2024","472.30","479.70","480.95","471.25","7.16M","-1.57%"
"26-03-2024","479.85","486.00","490.95","479.05","9.14M","-1.49%"
"22-03-2024","487.10","489.25","490.75","479.55","14.32M","-2.67%"
"21-03-2024","500.45","499.65","505.30","498.45","5.82M","1.41%"
"20-03-2024","493.50","496.05","501.25","489.20","4.19M","-0.27%"
"19-03-2024","494.85","509.00","509.00","493.15","4.81M","-3.01%"
"18-03-2024","510.20","518.00","518.55","509.00","3.20M","-1.32%"
"15-03-2024","517.00","514.75","518.25","506.40","6.82M","-0.18%"
"14-03-2024","517.95","501.15","518.90","495.15","6.41M","2.69%"
"13-03-2024","504.40","513.80","518.70","496.80","6.79M","-1.26%"
"12-03-2024","510.85","512.75","522.50","507.75","5.83M","-0.72%"
"11-03-2024","514.55","517.40","518.95","512.30","5.57M","-0.18%"
"07-03-2024","515.50","513.75","520.40","510.50","4.85M","0.46%"
"06-03-2024","513.15","513.70","514.85","500.00","5.55M","-0.03%"
"05-03-2024","513.30","517.75","520.50","510.65","5.26M","-1.38%"
"04-03-2024","520.50","522.95","526.40","518.55","2.83M","-0.45%"
"02-03-2024","522.85","524.50","524.50","522.00","340.13K","0.72%"
"01-03-2024","519.10","522.40","525.20","517.55","4.71M","0.10%"
"29-02-2024","518.60","517.30","524.25","513.20","7.23M","0.17%"
"28-02-2024","517.70","530.00","530.95","515.00","6.39M","-2.59%"
"27-02-2024","531.45","534.00","537.40","527.55","5.20M","-0.27%"
"26-02-2024","532.90","536.25","536.50","526.05","4.41M","-0.61%"
"23-02-2024","536.15","535.00","541.25","533.30","9.93M","0.96%"
"22-02-2024","531.05","522.80","533.00","521.45","7.30M","1.85%"
"21-02-2024","521.40","535.90","536.30","519.50","6.56M","-1.98%"
"20-02-2024","531.95","535.80","538.15","526.25","5.19M","-0.75%"
"19-02-2024","535.95","545.90","545.90","531.35","9.30M","-1.30%"
"16-02-2024","543.00","522.50","545.00","520.95","17.47M","4.73%"
"15-02-2024","518.50","516.95","522.85","513.05","7.29M","0.78%"
"14-02-2024","514.50","503.95","517.00","497.05","11.30M","0.57%"
"13-02-2024","511.60","503.10","513.00","491.70","11.19M","2.02%"
"12-02-2024","501.45","491.00","510.80","491.00","24.44M","2.24%"
"09-02-2024","490.45","490.90","494.75","482.75","3.95M","0.33%"
"08-02-2024","488.85","495.90","500.10","485.10","5.65M","-1.28%"
"07-02-2024","495.20","500.95","501.70","492.55","4.55M","-0.89%"
"06-02-2024","499.65","484.70","501.80","483.10","14.51M","3.59%"
"05-02-2024","482.35","483.00","489.50","479.15","5.78M","-0.17%"
"02-02-2024","483.15","475.00","486.50","475.00","8.15M","2.50%"
"01-02-2024","471.35","477.55","477.70","470.60","3.91M","-1.42%"
"31-01-2024","478.15","472.50","479.90","469.00","5.29M","1.20%"
"30-01-2024","472.50","474.40","482.90","471.50","5.91M","-0.11%"
"29-01-2024","473.00","470.00","477.00","470.00","5.03M","0.64%"
"25-01-2024","470.00","478.05","479.35","468.55","6.43M","-1.68%"
"24-01-2024","478.05","471.00","479.00","468.05","5.85M","1.73%"
"23-01-2024","469.90","478.05","486.00","467.05","9.99M","-1.68%"
"20-01-2024","477.95","486.40","488.90","469.05","6.05M","-1.46%"
"19-01-2024","485.05","488.00","493.35","483.60","7.75M","0.50%"
"18-01-2024","482.65","482.40","489.00","468.40","13.07M","0.05%"
"17-01-2024","482.40","475.15","491.50","472.00","14.33M","-0.54%"
"16-01-2024","485.00","495.00","495.00","480.50","12.96M","-1.94%"
"15-01-2024","494.60","511.95","529.00","489.15","63.92M","6.26%"
"12-01-2024","465.45","455.00","469.00","455.00","18.04M","3.85%"
"11-01-2024","448.20","454.95","456.90","446.70","4.32M","-1.19%"
"10-01-2024","453.60","451.45","456.00","449.00","4.44M","0.63%"
"09-01-2024","450.75","458.00","462.50","449.95","7.23M","0.09%"
"08-01-2024","450.35","457.50","460.00","449.05","5.04M","-1.37%"
"05-01-2024","456.60","455.05","463.00","453.50","8.44M","0.93%"
"04-01-2024","452.40","457.00","459.85","451.40","7.59M","-0.77%"
"03-01-2024","455.90","463.90","463.90","455.00","9.77M","-2.83%"
"02-01-2024","469.20","478.00","478.00","464.30","7.14M","-1.67%"
"01-01-2024","477.15","473.00","483.50","468.30","10.17M","1.24%"
"29-12-2023","471.30","470.95","475.35","466.10","7.98M","0.39%"
"28-12-2023","469.45","472.55","477.40","467.65","8.42M","-0.32%"
"27-12-2023","470.95","468.50","475.40","464.10","12.63M","0.18%"
"26-12-2023","470.10","454.00","475.80","448.35","27.31M","1.61%"
"22-12-2023","462.65","435.30","466.30","434.00","23.04M","6.60%"
"21-12-2023","434.00","428.90","436.50","427.20","5.33M","0.47%"
"20-12-2023","431.95","442.00","449.50","429.35","13.22M","-1.54%"
"19-12-2023","438.70","445.60","447.35","435.00","8.03M","-1.47%"
"18-12-2023","445.25","446.00","453.50","442.00","10.09M","-0.29%"
"15-12-2023","446.55","436.05","449.50","433.50","20.78M","2.80%"
"14-12-2023","434.40","423.50","436.00","423.25","12.34M","3.51%"
"13-12-2023","419.65","423.55","424.30","415.00","4.85M","-0.60%"
"12-12-2023","422.20","420.70","427.90","420.15","5.95M","0.38%"
"11-12-2023","420.60","420.00","422.20","417.25","5.04M","-0.47%"
"08-12-2023","422.60","418.80","424.50","415.00","7.74M","1.04%"
"07-12-2023","418.25","420.00","421.50","416.65","5.63M","-0.12%"
"06-12-2023","418.75","406.75","420.40","405.95","11.04M","3.56%"
"05-12-2023","404.35","407.40","409.00","402.10","5.58M","-0.76%"
"04-12-2023","407.45","412.70","413.00","406.75","5.33M","-0.05%"
"01-12-2023","407.65","413.75","413.75","406.50","4.92M","-1.31%"
"30-11-2023","413.05","406.95","414.50","404.05","9.91M","1.67%"
"29-11-2023","406.25","398.00","408.55","398.00","7.77M","2.37%"
"28-11-2023","396.85","397.00","398.75","393.10","4.07M","0.21%"
"24-11-2023","396.00","402.50","403.50","395.55","3.13M","-1.61%"
"23-11-2023","402.50","400.50","405.00","400.50","4.84M","0.56%"
"22-11-2023","400.25","402.50","402.60","399.10","2.66M","-0.10%"
"21-11-2023","400.65","402.60","402.60","400.05","2.72M","0.11%"
"20-11-2023","400.20","393.20","401.10","393.20","4.31M","1.21%"
"17-11-2023","395.40","398.00","399.00","394.50","3.94M","-0.43%"
"16-11-2023","397.10","391.65","399.50","389.30","6.92M","1.39%"
"15-11-2023","391.65","385.55","392.25","384.25","5.40M","2.62%"
"13-11-2023","381.65","382.60","382.90","380.00","1.79M","-0.21%"
"12-11-2023","382.45","383.40","383.40","381.75","1.01M","0.83%"
"10-11-2023","379.30","380.30","381.80","377.00","5.36M","-0.41%"
"09-11-2023","380.85","383.00","384.00","379.70","4.62M","-0.35%"
"08-11-2023","382.20","384.60","385.85","381.50","3.55M","-0.29%"
"07-11-2023","383.30","384.90","387.00","382.85","2.85M","-0.35%"
"06-11-2023","384.65","386.00","386.45","383.00","2.47M","0.29%"
"03-11-2023","383.55","386.00","386.70","382.65","2.65M","-0.03%"
"02-11-2023","383.65","383.80","385.15","382.10","2.37M","0.71%"
"01-11-2023","380.95","383.85","385.55","380.15","2.12M","-0.22%"
"31-10-2023","381.80","383.20","384.10","379.15","3.08M","-0.05%"
"30-10-2023","382.00","384.00","384.35","380.40","2.34M","-0.09%"
"27-10-2023","382.35","379.05","384.35","379.05","3.10M","1.08%"
"26-10-2023","378.25","378.80","380.55","375.05","5.50M","-0.94%"
"25-10-2023","381.85","384.40","387.70","381.10","3.34M","-0.34%"
"23-10-2023","383.15","390.85","393.00","382.20","4.42M","-2.22%"
"20-10-2023","391.85","395.05","396.05","391.00","4.21M","-0.87%"
"19-10-2023","395.30","391.95","396.75","390.10","12.81M","-2.98%"
"18-10-2023","407.45","409.00","413.65","407.00","2.44M","-0.96%"
"17-10-2023","411.40","411.70","413.85","411.05","2.99M","0.29%"
"16-10-2023","410.20","411.00","411.90","408.15","2.64M","-0.21%"
"13-10-2023","411.05","411.90","414.40","409.05","5.46M","-1.45%"
"12-10-2023","417.10","421.75","421.90","414.70","5.12M","-0.96%"
"11-10-2023","421.15","409.00","423.95","409.00","9.55M","3.29%"
"10-10-2023","407.75","406.40","408.75","406.20","2.56M","0.53%"
"09-10-2023","405.60","404.20","411.00","403.40","3.02M","-0.55%"
"06-10-2023","407.85","408.00","409.80","406.95","3.18M","0.26%"
"05-10-2023","406.80","407.95","410.40","405.00","4.06M","0.47%"
"04-10-2023","404.90","402.70","405.45","400.65","3.45M","-0.14%"
"03-10-2023","405.45","406.45","408.10","403.60","2.86M","-0.15%"
"29-09-2023","406.05","405.00","409.25","401.50","6.39M","0.17%"
"28-09-2023","405.35","416.50","416.50","404.00","8.44M","-2.48%"
"27-09-2023","415.65","412.25","416.55","410.30","3.89M","0.67%"
"26-09-2023","412.90","416.80","416.80","411.70","3.24M","-0.29%"
"25-09-2023","414.10","418.50","419.75","412.00","4.65M","-1.05%"
"22-09-2023","418.50","424.40","426.75","416.60","9.91M","-2.44%"
"21-09-2023","428.95","429.90","431.25","423.05","4.45M","-0.27%"
"20-09-2023","430.10","434.25","436.85","429.05","4.55M","-1.38%"
"18-09-2023","436.10","441.05","441.05","435.20","3.01M","-1.12%"
"15-09-2023","441.05","439.80","443.75","438.25","9.92M","1.05%"
"14-09-2023","436.45","438.40","443.25","435.30","7.45M","0.17%"
"13-09-2023","435.70","434.95","437.95","431.50","3.72M","0.16%"
"12-09-2023","435.00","437.10","441.50","426.90","7.27M","0.03%"
"11-09-2023","434.85","433.00","437.50","430.10","4.13M","1.13%"
"08-09-2023","430.00","433.45","433.45","429.30","2.87M","-0.66%"
"07-09-2023","432.85","429.95","433.70","426.75","4.66M","0.83%"
"06-09-2023","429.30","433.75","435.55","425.90","6.77M","-0.59%"
"05-09-2023","431.85","435.80","437.50","430.30","8.99M","-0.52%"
"04-09-2023","434.10","418.00","436.50","416.00","13.82M","4.26%"
"01-09-2023","416.35","407.95","417.75","407.50","4.24M","1.95%"
"31-08-2023","408.40","408.00","410.00","406.45","11.03M","0.29%"
"30-08-2023","407.20","410.00","410.20","406.65","2.01M","-0.22%"
"29-08-2023","408.10","409.65","411.90","407.10","2.00M","0.01%"
"28-08-2023","408.05","411.45","412.45","407.65","1.70M","-0.40%"
"25-08-2023","409.70","410.00","411.30","407.10","3.30M","-0.73%"
"24-08-2023","412.70","418.75","420.00","412.00","2.89M","-0.61%"
"23-08-2023","415.25","417.25","417.95","414.60","3.07M","-0.44%"
"22-08-2023","417.10","415.00","418.10","412.75","3.18M","0.60%"
"21-08-2023","414.60","411.80","417.35","411.65","3.67M","0.70%"
"18-08-2023","411.70","415.05","416.35","408.00","5.30M","-1.40%"
"17-08-2023","417.55","418.65","420.40","414.50","3.17M","-0.26%"
"16-08-2023","418.65","414.15","420.20","414.00","4.07M","0.84%"
"14-08-2023","415.15","413.25","416.20","409.50","2.90M","0.51%"
"11-08-2023","413.05","418.65","422.15","412.35","3.79M","-1.34%"
"10-08-2023","418.65","417.10","420.80","415.55","4.95M","0.20%"
"09-08-2023","417.80","415.50","418.50","412.55","4.65M","0.35%"
"08-08-2023","416.35","412.40","417.50","409.95","7.86M","1.26%"
"07-08-2023","411.15","409.95","413.00","408.05","4.41M","0.56%"
"04-08-2023","408.85","400.85","410.00","400.30","6.24M","2.30%"
"03-08-2023","399.65","402.00","402.00","397.05","3.41M","-0.78%"
"02-08-2023","402.80","405.90","405.90","399.00","2.70M","-1.02%"
"01-08-2023","406.95","405.50","408.00","404.05","3.59M","0.47%"
"31-07-2023","405.05","399.75","406.00","398.95","3.38M","1.58%"
"28-07-2023","398.75","401.05","402.85","396.55","3.38M","-0.30%"
"27-07-2023","399.95","404.00","406.60","399.00","4.47M","-0.70%"
"26-07-2023","402.75","403.50","403.60","401.40","2.66M","0.59%"
"25-07-2023","400.40","405.50","405.50","400.00","3.23M","-0.90%"
"24-07-2023","404.05","406.30","408.00","403.50","3.40M","-0.16%"
"21-07-2023","404.70","405.00","414.35","401.00","11.76M","-3.10%"
"20-07-2023","417.65","418.50","420.00","414.65","4.13M","-0.07%"
"19-07-2023","417.95","420.00","421.00","414.15","5.42M","0.18%"
"18-07-2023","417.20","418.00","420.30","412.25","8.88M","0.47%"
"17-07-2023","415.25","407.00","424.95","405.80","22.88M","2.52%"
"14-07-2023","405.05","394.75","405.50","392.35","15.68M","2.73%"
"13-07-2023","394.30","391.85","398.60","391.25","6.80M","0.63%"
"12-07-2023","391.85","393.90","393.95","390.35","3.42M","-0.05%"
"11-07-2023","392.05","390.00","392.80","387.85","4.82M","0.54%"
"10-07-2023","389.95","395.85","395.85","389.65","2.82M","-1.49%"
"07-07-2023","395.85","395.00","397.45","393.20","4.53M","-0.09%"
"06-07-2023","396.20","394.50","396.95","393.15","4.52M","0.58%"
"05-07-2023","393.90","394.10","395.40","391.85","6.18M","-0.52%"
"04-07-2023","395.95","393.75","397.35","393.00","6.31M","1.11%"
"03-07-2023","391.60","393.90","393.90","389.50","4.52M","0.63%"
"30-06-2023","389.15","385.00","389.75","383.00","4.54M","1.95%"
"28-06-2023","381.70","383.75","383.75","380.80","3.57M","-0.24%"
"27-06-2023","382.60","384.25","384.25","381.50","2.94M","0.45%"
"26-06-2023","380.90","380.00","381.90","379.05","2.05M","0.25%"
"23-06-2023","379.95","382.30","383.00","378.10","3.24M","-0.61%"
"22-06-2023","382.30","386.00","386.00","381.60","4.68M","-0.83%"
"21-06-2023","385.50","384.25","387.25","383.10","4.41M","0.78%"
"20-06-2023","382.50","381.80","384.95","380.60","5.90M","0.62%"
"19-06-2023","380.15","382.00","382.00","377.10","5.31M","-0.30%"
"16-06-2023","381.30","385.55","388.65","379.15","20.56M","-1.97%"
"15-06-2023","388.95","397.10","397.45","388.25","14.35M","-1.89%"
"14-06-2023","396.45","396.30","397.15","392.70","9.26M","0.23%"
"13-06-2023","395.55","397.95","398.50","394.50","6.51M","-0.01%"
"12-06-2023","395.60","399.80","399.80","394.60","5.99M","-0.43%"
"09-06-2023","397.30","399.45","400.35","396.05","6.01M","-0.56%"
"08-06-2023","399.55","404.10","404.75","398.75","5.31M","-0.81%"
"07-06-2023","402.80","402.40","403.60","401.00","4.11M","0.71%"
"06-06-2023","399.95","403.35","403.35","395.55","6.85M","-1.05%"
"05-06-2023","404.20","408.90","409.75","403.70","3.63M","-0.19%"
"02-06-2023","404.95","408.70","409.80","404.00","3.16M","-0.54%"
"01-06-2023","407.15","405.00","408.00","404.05","3.53M","0.87%"
"31-05-2023","403.65","401.75","404.80","400.50","5.89M","0.29%"
"30-05-2023","402.50","400.00","403.85","399.45","3.69M","0.68%"
"29-05-2023","399.80","404.00","406.00","399.35","3.98M","-0.47%"
"26-05-2023","401.70","395.15","402.55","395.00","3.96M","1.93%"
"25-05-2023","394.10","399.00","399.00","392.65","6.80M","-1.40%"
"24-05-2023","399.70","394.50","400.45","393.35","4.13M","0.52%"
"23-05-2023","397.65","397.00","402.10","396.05","6.36M","0.48%"
"22-05-2023","395.75","386.50","396.60","385.40","6.10M","2.47%"
"19-05-2023","386.20","384.80","388.20","383.50","3.64M","0.94%"
"18-05-2023","382.60","385.20","385.35","382.25","2.12M","0.08%"
"17-05-2023","382.30","386.20","387.35","381.35","2.69M","-1.20%"
"16-05-2023","386.95","387.50","388.80","386.50","2.03M","0.31%"
"15-05-2023","385.75","383.25","387.00","382.50","2.54M","0.65%"
"12-05-2023","383.25","384.60","385.25","381.55","2.29M","-0.36%"
"11-05-2023","384.65","385.70","386.85","383.10","2.02M","0.23%"
"10-05-2023","383.75","384.00","384.55","382.00","1.84M","0.38%"
"09-05-2023","382.30","382.50","383.45","380.05","2.86M","0.51%"
"08-05-2023","380.35","381.00","383.00","379.60","4.81M","0.25%"
"05-05-2023","379.40","382.75","384.40","379.00","3.95M","-1.12%"
"04-05-2023","383.70","384.75","386.15","383.05","3.13M","-0.36%"
"03-05-2023","385.10","388.35","388.35","382.05","2.41M","-0.84%"
"02-05-2023","388.35","389.00","392.15","387.45","4.87M","0.87%"
"28-04-2023","385.00","380.00","388.00","380.00","13.85M","2.83%"
"27-04-2023","374.40","376.40","376.60","372.05","4.25M","-0.04%"
"26-04-2023","374.55","377.65","377.65","373.40","3.50M","-0.29%"
"25-04-2023","375.65","378.20","378.90","374.10","3.76M","-0.61%"
"24-04-2023","377.95","375.00","378.60","370.55","8.89M","2.69%"
"21-04-2023","368.05","364.10","368.70","363.65","2.65M","1.43%"
"20-04-2023","362.85","360.50","363.70","359.00","2.21M","0.57%"
"19-04-2023","360.80","367.90","367.90","360.40","3.74M","-1.93%"
"18-04-2023","367.90","363.45","368.90","359.25","4.01M","1.81%"
"17-04-2023","361.35","359.95","361.95","352.00","6.80M","-1.89%"
"13-04-2023","368.30","369.90","369.90","366.00","3.36M","-1.03%"
"12-04-2023","372.15","370.60","373.45","369.35","2.79M","0.51%"
"11-04-2023","370.25","373.50","374.85","368.60","3.39M","-0.82%"
"10-04-2023","373.30","368.00","374.40","367.60","2.81M","1.81%"
"06-04-2023","366.65","369.00","370.45","365.85","3.21M","-0.84%"
"05-04-2023","369.75","369.70","371.90","367.20","3.22M","0.49%"
"03-04-2023","367.95","367.95","368.40","365.15","2.03M","0.74%"
"31-03-2023","365.25","363.35","365.75","361.30","3.96M","1.73%"
"29-03-2023","359.05","358.00","360.75","355.00","4.41M","0.80%"
"28-03-2023","356.20","363.00","364.05","355.40","3.91M","-1.40%"
"27-03-2023","361.25","361.75","364.00","359.20","3.11M","-0.14%"
"24-03-2023","361.75","363.35","366.85","361.00","3.95M","0.07%"
"23-03-2023","361.50","364.90","364.90","360.35","4.74M","-1.34%"
"22-03-2023","366.40","367.85","370.00","365.85","2.69M","0.00%"
"21-03-2023","366.40","369.00","370.25","365.45","3.61M","-0.20%"
"20-03-2023","367.15","375.00","375.95","365.15","4.09M","-2.48%"
"17-03-2023","376.50","377.20","378.35","373.85","4.52M","0.98%"
"16-03-2023","372.85","375.35","376.70","370.00","3.84M","-0.77%"
"15-03-2023","375.75","383.70","383.70","374.90","3.84M","-0.98%"
"14-03-2023","379.45","386.55","387.15","377.35","4.05M","-1.56%"
"13-03-2023","385.45","389.00","392.60","383.75","2.99M","-0.94%"
"10-03-2023","389.10","387.90","389.90","386.60","2.28M","-0.26%"
"09-03-2023","390.10","392.80","393.85","389.60","2.08M","-0.64%"
"08-03-2023","392.60","391.65","393.00","388.85","2.45M","-0.29%"
"06-03-2023","393.75","392.45","396.65","392.10","3.36M","0.85%"
"03-03-2023","390.45","390.60","391.45","389.10","2.20M","0.62%"
"02-03-2023","388.05","388.70","390.35","387.30","2.22M","-0.74%"
"01-03-2023","390.95","388.10","391.75","387.30","2.27M","1.01%"
"28-02-2023","387.05","391.85","393.20","385.70","5.03M","-0.85%"
"27-02-2023","390.35","392.75","393.30","385.45","2.78M","-0.75%"
"24-02-2023","393.30","395.95","396.50","392.55","2.55M","-0.17%"
"23-02-2023","393.95","395.80","398.70","393.40","3.04M","-0.30%"
"22-02-2023","395.15","399.50","400.35","394.45","3.44M","-1.89%"
"21-02-2023","402.75","407.40","408.00","402.10","2.88M","-1.06%"
"20-02-2023","407.05","405.30","407.80","402.20","3.25M","0.18%"
"17-02-2023","406.30","406.85","408.00","404.00","2.81M","-0.88%"
"16-02-2023","409.90","408.80","413.25","408.55","5.59M","0.61%"
"15-02-2023","407.40","402.70","407.85","400.35","2.61M","0.57%"
"14-02-2023","405.10","403.00","406.45","401.50","2.32M","1.12%"
"13-02-2023","400.60","405.65","405.65","399.20","2.41M","-1.28%"
"10-02-2023","405.80","407.00","407.00","402.80","2.58M","-0.61%"
"09-02-2023","408.30","406.75","408.95","403.55","2.64M","0.38%"
"08-02-2023","406.75","401.00","407.60","401.00","4.15M","1.56%"
"07-02-2023","400.50","405.50","405.50","399.05","3.34M","-1.03%"
"06-02-2023","404.65","405.40","406.20","401.60","2.98M","-0.80%"
"03-02-2023","407.90","412.55","413.00","406.15","4.43M","-0.38%"
"02-02-2023","409.45","402.40","410.00","402.40","5.42M","1.75%"
"01-02-2023","402.40","401.50","403.90","398.35","3.51M","0.89%"
"31-01-2023","398.85","402.30","402.55","397.70","4.78M","-0.85%"
"30-01-2023","402.25","398.05","404.80","395.05","3.63M","1.06%"
"27-01-2023","398.05","401.55","403.60","394.20","3.71M","-0.87%"
"25-01-2023","401.55","405.00","405.90","400.00","3.18M","-1.24%"
"24-01-2023","406.60","408.40","410.20","405.15","4.78M","-0.10%"
"23-01-2023","407.00","405.20","407.75","402.50","4.41M","0.95%"
"20-01-2023","403.15","403.55","405.40","401.30","4.63M","-0.06%"
"19-01-2023","403.40","402.10","404.00","398.75","4.72M","0.05%"
"18-01-2023","403.20","398.50","403.85","398.00","8.04M","1.73%"
"17-01-2023","396.35","400.05","402.05","393.75","7.16M","-0.56%"
"16-01-2023","398.60","390.00","401.00","389.00","11.93M","1.19%"
"13-01-2023","393.90","396.00","396.60","386.50","6.81M","-0.15%"
"12-01-2023","394.50","395.75","397.90","390.50","4.76M","0.17%"
"11-01-2023","393.85","393.00","396.00","391.50","3.83M","0.20%"
"10-01-2023","393.05","392.00","393.90","387.35","3.94M","0.32%"
"09-01-2023","391.80","386.00","393.00","385.10","3.67M","2.57%"
"06-01-2023","382.00","387.00","388.80","381.40","4.24M","-1.27%"
"05-01-2023","386.90","390.00","392.20","383.75","4.78M","-0.72%"
"04-01-2023","389.70","397.50","397.50","388.60","4.46M","-1.85%"
"03-01-2023","397.05","393.05","397.75","391.70","3.00M","1.02%"
"02-01-2023","393.05","393.00","393.90","390.50","2.78M","0.08%"
"30-12-2022","392.75","393.00","396.30","391.55","4.13M","0.51%"
"29-12-2022","390.75","386.25","392.10","384.80","4.74M","0.76%"
"28-12-2022","387.80","385.00","389.55","383.25","3.84M","0.31%"
"27-12-2022","386.60","382.50","387.35","380.25","3.84M","1.60%"
"26-12-2022","380.50","378.00","381.60","376.30","3.63M","0.75%"
"23-12-2022","377.65","384.00","385.85","377.00","6.06M","-2.86%"
"22-12-2022","388.75","390.10","391.95","386.00","4.55M","-0.19%"
"21-12-2022","389.50","390.90","393.25","387.85","5.11M","0.14%"
"20-12-2022","388.95","388.80","389.90","383.00","4.39M","-0.03%"
"19-12-2022","389.05","388.45","390.50","385.70","4.42M","-0.18%"
"16-12-2022","389.75","391.40","394.80","388.05","9.01M","-1.38%"
"15-12-2022","395.20","399.75","399.75","394.05","3.88M","-1.21%"
"14-12-2022","400.05","400.80","404.50","399.25","5.00M","0.58%"
"13-12-2022","397.75","398.35","399.35","396.00","3.41M","0.35%"
"12-12-2022","396.35","392.90","397.50","388.00","5.18M","0.58%"
"09-12-2022","394.05","406.00","406.00","391.25","7.71M","-2.39%"
"08-12-2022","403.70","407.25","408.00","403.30","4.47M","-0.64%"
"07-12-2022","406.30","409.00","409.50","405.30","3.28M","-1.23%"
"06-12-2022","411.35","410.50","412.60","407.80","4.42M","-0.24%"
"05-12-2022","412.35","413.25","414.95","410.65","4.97M","-0.01%"
"02-12-2022","412.40","413.80","413.90","409.05","5.86M","-0.31%"
"01-12-2022","413.70","412.85","416.35","411.65","7.93M","1.67%"
"30-11-2022","406.90","406.90","408.00","402.65","6.95M","0.43%"
"29-11-2022","405.15","403.00","408.90","402.90","4.55M","-0.12%"
"28-11-2022","405.65","402.80","409.45","402.00","6.84M","0.71%"
"25-11-2022","402.80","399.00","404.40","395.90","6.82M","1.14%"
"24-11-2022","398.25","389.90","399.75","389.15","6.69M","2.44%"
"23-11-2022","388.75","390.75","391.95","388.00","3.36M","-0.01%"
"22-11-2022","388.80","389.00","389.40","384.50","4.21M","0.04%"
"21-11-2022","388.65","393.85","394.45","387.60","3.95M","-1.32%"
"18-11-2022","393.85","397.85","398.90","392.80","4.77M","-0.73%"
"17-11-2022","396.75","397.90","398.00","395.00","3.03M","-0.38%"
"16-11-2022","398.25","399.00","401.70","396.20","5.52M","0.28%"
"15-11-2022","397.15","398.05","399.55","394.00","6.23M","0.15%"
"14-11-2022","396.55","402.65","402.65","395.55","8.81M","-0.79%"
"11-11-2022","399.70","398.50","405.85","397.25","14.21M","2.78%"
"10-11-2022","388.90","388.80","391.10","387.00","2.75M","-0.52%"
"09-11-2022","390.95","394.05","394.40","389.15","3.43M","-0.14%"
"07-11-2022","391.50","393.00","394.85","387.60","4.13M","0.24%"
"04-11-2022","390.55","388.50","392.40","385.65","4.51M","0.53%"
"03-11-2022","388.50","389.75","393.75","385.55","5.16M","-1.38%"
"02-11-2022","393.95","392.85","394.85","390.65","3.36M","0.40%"
"01-11-2022","392.40","388.00","393.00","386.60","5.77M","1.51%"
"31-10-2022","386.55","386.55","388.40","384.75","3.32M","0.86%"
"28-10-2022","383.25","382.80","385.85","382.00","3.80M","0.16%"
"27-10-2022","382.65","386.00","386.95","381.10","5.86M","-0.52%"
"25-10-2022","384.65","386.45","386.45","383.65","2.89M","-0.01%"
"24-10-2022","384.70","386.40","386.40","384.00","1.74M","0.56%"
"21-10-2022","382.55","382.50","383.30","380.20","4.47M","0.28%"
"20-10-2022","381.50","377.00","382.60","376.00","5.93M","0.91%"
"19-10-2022","378.05","381.20","381.20","377.05","5.10M","-0.33%"
"18-10-2022","379.30","383.70","384.25","378.40","11.16M","1.12%"
"17-10-2022","375.10","377.30","378.95","372.40","8.45M","-0.58%"
"14-10-2022","377.30","387.00","387.50","376.25","13.93M","-0.47%"
"13-10-2022","379.10","387.00","392.35","378.10","42.45M","-7.07%"
"12-10-2022","407.95","404.25","409.60","401.60","6.31M","0.88%"
"11-10-2022","404.40","414.90","417.90","402.30","11.36M","-1.68%"
"10-10-2022","411.30","400.30","413.50","399.75","9.36M","0.78%"
"07-10-2022","408.10","409.80","411.75","406.25","3.79M","-0.50%"
"06-10-2022","410.15","409.35","413.00","407.45","5.60M","1.15%"
"04-10-2022","405.50","399.95","406.00","399.00","6.30M","2.79%"
"03-10-2022","394.50","393.90","398.00","390.60","4.07M","0.06%"
"30-09-2022","394.25","392.45","396.70","387.50","6.79M","0.37%"
"29-09-2022","392.80","401.00","401.90","391.55","5.94M","-1.32%"
"28-09-2022","398.05","396.00","400.50","395.35","4.46M","-0.09%"
"27-09-2022","398.40","396.80","401.40","392.00","6.23M","0.91%"
"26-09-2022","394.80","392.00","399.20","384.60","9.50M","0.11%"
"23-09-2022","394.35","398.10","399.40","393.65","6.98M","-0.90%"
"22-09-2022","397.95","398.00","400.35","395.00","8.25M","-0.70%"
"21-09-2022","400.75","405.90","405.90","399.50","9.65M","-1.02%"
"20-09-2022","404.90","406.00","409.40","404.45","4.49M","0.73%"
"19-09-2022","401.95","405.00","406.20","397.00","6.79M","0.07%"
"16-09-2022","401.65","412.75","412.75","400.20","10.10M","-3.23%"
"15-09-2022","415.05","419.70","420.90","413.25","5.32M","-0.30%"
"14-09-2022","416.30","409.00","422.70","409.00","8.79M","-1.50%"
"13-09-2022","422.65","424.90","426.00","421.50","4.70M","0.15%"
"12-09-2022","422.00","419.85","424.40","418.05","5.84M","1.16%"
"09-09-2022","417.15","417.00","419.45","411.35","7.34M","1.05%"
"08-09-2022","412.80","410.00","414.35","409.60","7.03M","1.31%"
"07-09-2022","407.45","402.10","408.85","401.00","6.12M","0.74%"
"06-09-2022","404.45","407.00","407.35","401.25","9.11M","-0.26%"
"05-09-2022","405.50","407.00","408.00","404.00","9.01M","-0.54%"
"02-09-2022","407.70","412.55","412.75","407.10","4.91M","-0.67%"
"01-09-2022","410.45","409.90","411.65","404.85","5.89M","-0.75%"
"30-08-2022","413.55","409.15","415.95","406.25","9.88M","2.28%"
"29-08-2022","404.35","405.00","406.35","399.00","11.76M","-3.09%"
"26-08-2022","417.25","418.50","422.50","416.30","3.95M","0.49%"
"25-08-2022","415.20","419.30","420.10","414.95","4.38M","-0.23%"
"24-08-2022","416.15","417.80","419.50","414.35","3.71M","-0.12%"
"23-08-2022","416.65","415.00","418.50","410.00","8.51M","-0.80%"
"22-08-2022","420.00","430.90","430.90","419.05","6.45M","-2.88%"
"19-08-2022","432.45","438.95","442.50","431.00","8.63M","-0.60%"
"18-08-2022","435.05","441.75","441.75","434.05","8.44M","-1.81%"
"17-08-2022","443.05","437.25","444.90","436.65","5.20M","1.36%"
"16-08-2022","437.10","438.50","439.80","436.60","2.39M","0.23%"
"12-08-2022","436.10","437.10","438.50","435.00","3.55M","-0.54%"
"11-08-2022","438.45","438.00","442.00","436.30","4.58M","1.93%"
"10-08-2022","430.15","435.00","436.00","426.30","5.66M","-1.31%"
"08-08-2022","435.85","442.80","442.80","435.20","4.78M","-0.94%"
"05-08-2022","440.00","436.15","442.00","436.15","6.48M","1.03%"
"04-08-2022","435.50","437.05","440.30","427.10","8.89M","0.73%"
"03-08-2022","432.35","429.00","433.00","427.50","6.02M","0.64%"
"02-08-2022","429.60","428.95","431.65","424.65","8.46M","0.14%"
"01-08-2022","429.00","426.20","430.90","422.60","5.18M","1.25%"
"29-07-2022","423.70","420.60","424.30","417.80","7.96M","1.85%"
"28-07-2022","416.00","411.80","417.00","410.90","7.95M","2.30%"
"27-07-2022","406.65","404.95","407.40","401.95","7.04M","0.36%"
"26-07-2022","405.20","414.80","415.40","404.30","7.59M","-2.31%"
"25-07-2022","414.80","410.50","415.65","408.55","6.27M","0.96%"
"22-07-2022","410.85","415.75","417.40","409.05","7.73M","-0.76%"
"21-07-2022","414.00","408.85","417.50","402.60","22.69M","0.46%"
"20-07-2022","412.10","410.80","417.50","407.10","12.62M","1.59%"
"19-07-2022","405.65","403.00","407.80","401.20","6.45M","0.22%"
"18-07-2022","404.75","399.00","405.70","396.65","6.82M","2.77%"
"15-07-2022","393.85","400.95","404.10","391.00","11.16M","-1.89%"
"14-07-2022","401.45","410.60","410.60","400.50","6.58M","-1.29%"
"13-07-2022","406.70","412.00","412.00","405.35","5.98M","-0.60%"
"12-07-2022","409.15","409.00","414.85","408.00","4.89M","-0.50%"
"11-07-2022","411.20","414.75","415.00","405.55","8.34M","-1.88%"
"08-07-2022","419.10","424.00","424.70","416.55","4.77M","-0.40%"
"07-07-2022","420.80","420.00","423.95","417.20","5.35M","1.14%"
"06-07-2022","416.05","418.60","418.60","413.10","5.26M","0.59%"
"05-07-2022","413.60","421.10","423.05","413.05","5.76M","-1.59%"
"04-07-2022","420.30","420.95","421.75","416.00","3.19M","-0.40%"
"01-07-2022","422.00","415.00","423.20","411.40","4.45M","1.43%"
"30-06-2022","416.05","421.90","423.00","415.00","6.06M","-1.12%"
"29-06-2022","420.75","420.00","424.80","417.40","8.34M","-1.52%"
"28-06-2022","427.25","422.00","429.10","415.70","6.05M","0.55%"
"27-06-2022","424.90","427.00","430.75","424.00","6.22M","1.47%"
"24-06-2022","418.75","421.00","426.00","415.75","7.68M","-0.07%"
"23-06-2022","419.05","412.50","420.80","411.30","9.83M","1.90%"
"22-06-2022","411.25","422.70","422.70","410.30","8.10M","-3.27%"
"21-06-2022","425.15","420.00","426.75","416.65","6.09M","2.53%"
"20-06-2022","414.65","409.00","417.90","404.15","10.38M","2.33%"
"17-06-2022","405.20","416.00","418.75","402.05","20.78M","-4.05%"
"16-06-2022","422.30","446.00","446.75","419.75","8.97M","-4.04%"
"15-06-2022","440.10","448.45","450.65","439.30","5.70M","-1.30%"
"14-06-2022","445.90","440.00","453.70","438.00","6.53M","-0.04%"
"13-06-2022","446.10","450.05","453.00","445.00","7.07M","-3.22%"
"10-06-2022","460.95","467.20","467.20","456.30","8.73M","-2.97%"
"09-06-2022","475.05","467.05","476.15","464.25","3.70M","0.99%"
"08-06-2022","470.40","471.05","472.00","464.30","2.81M","0.59%"
"07-06-2022","467.65","470.00","470.75","465.15","2.35M","-1.17%"
"06-06-2022","473.20","472.00","475.50","464.20","6.90M","-0.48%"
"03-06-2022","475.50","479.65","488.00","474.50","11.63M","0.28%"
"02-06-2022","474.15","471.80","476.45","468.10","5.27M","0.72%"
"01-06-2022","470.75","478.95","478.95","468.50","5.26M","-1.53%"
"31-05-2022","478.05","475.90","480.75","470.40","15.79M","0.38%"
"30-05-2022","476.25","473.15","481.50","473.15","6.15M","1.99%"
"27-05-2022","466.95","460.00","467.95","456.25","5.71M","3.00%"
"26-05-2022","453.35","446.00","454.70","444.00","5.79M","1.91%"
"25-05-2022","444.85","460.15","460.85","443.20","7.74M","-3.28%"
"24-05-2022","459.95","468.45","469.60","458.00","6.89M","-1.30%"
"23-05-2022","466.00","463.80","467.80","457.50","7.06M","1.39%"
"20-05-2022","459.60","462.00","462.20","455.00","6.37M","1.87%"
"19-05-2022","451.15","466.15","473.80","450.00","11.47M","-6.25%"
"18-05-2022","481.25","490.90","495.25","480.60","7.70M","-1.11%"
"17-05-2022","486.65","471.00","489.00","468.30","5.66M","3.99%"
"16-05-2022","468.00","474.00","474.35","465.00","3.66M","-0.14%"
"13-05-2022","468.65","479.50","479.50","467.00","8.39M","-1.09%"
"12-05-2022","473.80","468.10","476.00","462.15","7.29M","0.40%"
"11-05-2022","471.90","480.05","481.95","462.55","10.51M","-1.20%"
"10-05-2022","477.65","483.00","483.75","476.15","7.48M","-1.14%"
"09-05-2022","483.15","482.00","489.35","474.60","8.34M","-0.40%"
"06-05-2022","485.10","490.00","490.90","481.00","9.22M","-3.20%"
"05-05-2022","501.15","501.00","503.70","496.30","5.43M","1.91%"
"04-05-2022","491.75","500.00","503.85","489.25","8.63M","-0.66%"
"02-05-2022","495.00","515.50","519.00","492.60","21.91M","-2.71%"
"29-04-2022","508.80","528.50","528.50","507.00","12.08M","-2.63%"
"28-04-2022","522.55","524.00","526.65","516.00","6.62M","0.69%"
"27-04-2022","518.95","527.00","527.00","514.50","8.14M","-1.95%"
"26-04-2022","529.25","537.00","537.75","527.10","4.36M","-0.02%"
"25-04-2022","529.35","529.95","531.15","523.30","4.74M","-1.55%"
"22-04-2022","537.70","535.00","540.85","530.65","4.89M","-0.28%"
"21-04-2022","539.20","541.00","542.50","537.35","6.69M","0.50%"
"20-04-2022","536.50","536.00","540.55","531.35","4.33M","1.14%"
"19-04-2022","530.45","544.00","545.55","526.05","6.64M","-1.51%"
"18-04-2022","538.60","549.85","549.85","536.00","9.47M","-3.68%"
"13-04-2022","559.20","560.00","565.50","554.60","5.60M","0.09%"
"12-04-2022","558.70","568.00","568.00","556.20","8.17M","-2.17%"
"11-04-2022","571.10","584.00","584.25","568.10","8.58M","-2.15%"
"08-04-2022","583.65","586.00","587.00","580.50","4.32M","0.48%"
"07-04-2022","580.85","592.00","592.00","577.50","7.86M","-2.14%"
"06-04-2022","593.55","598.00","598.00","591.00","4.12M","-0.93%"
"05-04-2022","599.15","605.45","609.50","598.05","6.43M","-1.07%"
"04-04-2022","605.60","605.00","606.50","599.00","4.43M","0.63%"
"01-04-2022","601.80","591.70","603.40","589.30","4.28M","1.67%"
"31-03-2022","591.90","600.00","603.30","590.20","7.24M","-1.48%"
"30-03-2022","600.80","605.10","609.30","599.50","7.74M","-0.28%"
"29-03-2022","602.50","603.00","605.35","599.15","4.70M","0.38%"
"28-03-2022","600.20","608.00","609.00","597.10","5.74M","-0.52%"
"25-03-2022","603.35","611.00","614.00","597.25","5.99M","-1.18%"
"24-03-2022","610.55","607.00","613.80","605.80","3.88M","-0.11%"
"23-03-2022","611.20","613.95","615.00","607.70","5.70M","0.19%"
"22-03-2022","610.05","603.40","611.00","596.15","7.79M","1.67%"
"21-03-2022","600.00","605.10","616.00","598.00","7.80M","-0.20%"
"17-03-2022","601.20","605.00","611.00","599.00","8.44M","0.49%"
"16-03-2022","598.25","595.25","599.45","592.50","5.58M","1.80%"
"15-03-2022","587.70","603.70","603.70","584.30","6.93M","-1.75%"
"14-03-2022","598.15","586.40","600.80","586.00","7.50M","2.04%"
"11-03-2022","586.20","587.00","590.00","582.40","4.96M","-0.35%"
"10-03-2022","588.25","595.00","596.50","584.60","8.08M","0.47%"
"09-03-2022","585.50","588.00","596.40","582.15","11.76M","-0.33%"
"08-03-2022","587.45","572.00","590.75","572.00","11.02M","2.73%"
"07-03-2022","571.85","563.00","579.65","562.25","10.56M","-0.60%"
"04-03-2022","575.30","561.00","580.00","554.05","13.47M","1.01%"
"03-03-2022","569.55","563.00","575.95","560.35","12.96M","2.58%"
"02-03-2022","555.20","555.00","558.30","550.40","8.18M","-0.11%"
"28-02-2022","555.80","551.00","560.10","544.10","9.16M","0.10%"
"25-02-2022","555.25","548.00","558.75","547.50","7.96M","3.37%"
"24-02-2022","537.15","548.00","556.90","531.15","13.48M","-5.28%"
"23-02-2022","567.10","569.20","570.90","562.65","7.20M","0.52%"
"22-02-2022","564.15","556.25","569.00","556.10","10.75M","-1.17%"
"21-02-2022","570.80","555.75","572.70","555.40","8.77M","1.48%"
"18-02-2022","562.45","559.00","565.70","555.35","6.71M","-0.43%"
"17-02-2022","564.90","572.00","572.40","561.15","7.11M","0.18%"
"16-02-2022","563.90","565.15","570.30","557.55","7.30M","0.10%"
"15-02-2022","563.35","545.60","565.25","543.25","6.84M","4.00%"
"14-02-2022","541.70","550.00","557.15","540.00","8.12M","-3.52%"
"11-02-2022","561.45","566.00","566.00","557.10","7.72M","-2.13%"
"10-02-2022","573.65","572.40","574.75","566.20","5.80M","0.83%"
"09-02-2022","568.95","564.40","570.75","563.30","5.10M","1.55%"
"08-02-2022","560.25","561.40","565.80","554.45","6.98M","0.58%"
"07-02-2022","557.00","571.90","573.80","555.60","7.55M","-2.58%"
"04-02-2022","571.75","577.00","577.80","568.05","6.82M","-1.12%"
"03-02-2022","578.25","584.70","588.80","576.15","7.04M","-1.66%"
"02-02-2022","588.00","582.00","590.00","575.00","8.18M","1.97%"
"01-02-2022","576.65","579.90","582.40","566.45","10.46M","0.71%"
"31-01-2022","572.60","569.00","574.40","562.55","13.13M","3.70%"
"28-01-2022","552.15","550.10","564.95","546.65","14.95M","1.36%"
"27-01-2022","544.75","555.00","556.90","537.20","15.68M","-3.19%"
"25-01-2022","562.70","562.50","572.00","550.70","17.36M","-1.75%"
"24-01-2022","572.75","605.50","605.50","568.45","13.08M","-5.34%"
"21-01-2022","605.05","610.00","611.00","600.80","9.82M","-1.65%"
"20-01-2022","615.20","620.65","622.40","610.50","8.41M","-0.96%"
"19-01-2022","621.15","631.00","631.65","619.00","8.69M","-1.92%"
"18-01-2022","633.30","648.90","650.00","631.15","7.16M","-2.06%"
"17-01-2022","646.65","639.50","651.65","633.05","10.23M","1.07%"
"14-01-2022","639.80","649.25","649.25","636.50","13.26M","-1.53%"
"13-01-2022","649.75","663.20","666.00","648.00","30.75M","-6.02%"
"12-01-2022","691.35","700.00","701.75","683.20","11.73M","-0.40%"
"11-01-2022","694.15","695.00","698.45","689.00","7.74M","0.09%"
"10-01-2022","693.50","709.00","709.00","690.00","13.77M","-2.53%"
"07-01-2022","711.50","708.00","721.50","707.60","6.56M","0.81%"
"06-01-2022","705.75","705.80","712.25","699.95","6.44M","-1.09%"
"05-01-2022","713.50","720.00","720.85","703.00","7.36M","-1.11%"
"04-01-2022","721.50","722.75","723.10","711.55","5.11M","0.39%"
"03-01-2022","718.70","718.00","726.80","716.00","4.64M","0.47%"
"31-12-2021","715.35","715.80","718.80","709.10","4.27M","0.18%"
"30-12-2021","714.10","705.10","719.90","704.00","9.04M","1.48%"
"29-12-2021","703.70","705.25","710.00","700.05","3.95M","-0.25%"
"28-12-2021","705.45","703.00","707.50","701.55","5.08M","0.84%"
"27-12-2021","699.60","699.85","701.00","691.15","5.09M","0.16%"
"24-12-2021","698.45","697.75","702.40","690.15","6.59M","0.56%"
"23-12-2021","694.55","690.10","702.00","689.10","6.47M","1.30%"
"22-12-2021","685.65","695.90","695.90","681.20","6.16M","-0.75%"
"21-12-2021","690.80","676.00","697.10","671.00","13.68M","3.73%"
"20-12-2021","665.95","667.55","677.50","663.00","13.15M","-0.72%"
"17-12-2021","670.80","660.00","676.80","650.10","52.30M","4.11%"
"16-12-2021","644.30","644.00","649.90","639.40","6.22M","1.24%"
"15-12-2021","636.40","646.70","646.70","635.35","3.56M","-1.62%"
"14-12-2021","646.90","646.00","651.90","639.25","4.30M","0.23%"
"13-12-2021","645.40","643.50","656.55","640.20","6.56M","1.12%"
"10-12-2021","638.25","642.15","645.90","635.10","4.26M","-0.77%"
"09-12-2021","643.20","641.75","647.60","637.85","3.43M","0.23%"
"08-12-2021","641.70","639.00","653.00","638.25","7.68M","1.47%"
"07-12-2021","632.40","628.00","634.55","623.00","4.28M","1.27%"
"06-12-2021","624.50","637.25","644.20","623.15","4.70M","-2.54%"
"03-12-2021","640.75","644.75","653.95","639.90","6.70M","-0.94%"
"02-12-2021","646.80","636.90","648.10","629.00","5.11M","1.89%"
"01-12-2021","634.80","642.60","645.95","633.25","4.73M","-0.38%"
"30-11-2021","637.25","630.60","645.50","630.50","13.43M","1.05%"
"29-11-2021","630.60","616.55","632.85","603.95","5.19M","1.47%"
"26-11-2021","621.45","632.00","634.40","619.65","4.14M","-2.40%"
"25-11-2021","636.70","637.00","641.80","633.00","3.33M","0.03%"
"24-11-2021","636.50","644.30","647.60","633.10","3.99M","-0.98%"
"23-11-2021","642.80","642.70","648.95","626.05","4.57M","-0.19%"
"22-11-2021","644.05","658.00","660.45","638.00","5.79M","-1.14%"
"18-11-2021","651.45","663.40","665.95","645.25","3.92M","-1.56%"
"17-11-2021","661.80","661.45","668.00","658.00","4.43M","0.05%"
"16-11-2021","661.45","658.40","668.75","654.65","5.66M","0.39%"
"15-11-2021","658.90","661.55","666.00","657.15","4.72M","-0.17%"
"12-11-2021","660.05","648.00","662.50","645.80","6.06M","2.84%"
"11-11-2021","641.80","649.75","649.75","636.80","6.03M","-1.65%"
"10-11-2021","652.60","655.90","659.00","651.55","4.05M","-0.89%"
"09-11-2021","658.45","663.10","666.25","656.70","4.14M","0.02%"
"08-11-2021","658.35","652.95","661.00","647.50","4.75M","0.71%"
"04-11-2021","653.70","655.00","657.65","647.40","782.91K","0.18%"
"03-11-2021","652.50","659.40","661.85","650.20","3.44M","-0.20%"
"02-11-2021","653.80","657.00","661.00","651.10","4.04M","-0.25%"
"01-11-2021","655.45","651.10","656.95","647.50","4.40M","1.35%"
"29-10-2021","646.75","658.25","659.40","644.25","6.76M","-1.55%"
"28-10-2021","656.90","671.00","671.60","655.00","5.18M","-2.12%"
"27-10-2021","671.10","668.15","674.55","663.45","6.32M","0.44%"
"26-10-2021","668.15","671.05","678.80","665.00","6.10M","0.07%"
"25-10-2021","667.70","682.75","684.20","660.80","8.81M","-2.15%"
"22-10-2021","682.40","701.75","705.50","678.25","5.38M","-2.00%"
"21-10-2021","696.30","708.95","709.00","681.70","7.96M","-0.80%"
"20-10-2021","701.95","713.60","722.75","695.75","8.05M","-1.35%"
"19-10-2021","711.55","717.10","729.95","708.00","10.93M","0.25%"
"18-10-2021","709.75","719.00","720.80","702.40","10.60M","0.21%"
"14-10-2021","708.25","697.00","739.85","695.00","59.19M","5.30%"
"13-10-2021","672.60","665.00","674.70","656.00","9.46M","2.05%"
"12-10-2021","659.10","652.00","662.40","642.55","9.34M","0.97%"
"11-10-2021","652.80","648.95","666.30","635.00","10.21M","-1.26%"
"08-10-2021","661.15","646.15","667.55","645.00","11.05M","2.83%"
"07-10-2021","642.95","639.00","648.55","636.90","3.72M","1.13%"
"06-10-2021","635.75","650.40","650.45","634.40","4.84M","-1.72%"
"05-10-2021","646.85","636.45","649.50","634.05","5.46M","0.90%"
"04-10-2021","641.05","639.90","643.60","635.95","5.25M","0.75%"
"01-10-2021","636.25","634.80","639.75","630.20","4.21M","0.34%"
"30-09-2021","634.10","638.75","646.75","632.55","6.01M","-1.04%"
"29-09-2021","640.75","629.95","646.50","627.35","8.84M","0.18%"
"28-09-2021","639.60","653.90","653.90","635.25","8.11M","-2.19%"
"27-09-2021","653.90","678.05","678.35","651.00","8.40M","-3.34%"
"24-09-2021","676.50","680.50","699.15","675.00","12.13M","0.33%"
"23-09-2021","674.30","672.90","677.00","671.40","3.23M","0.92%"
"22-09-2021","668.15","669.00","674.50","663.00","4.79M","0.08%"
"21-09-2021","667.60","660.50","669.00","657.10","3.68M","0.77%"
"20-09-2021","662.50","657.75","670.50","653.40","4.55M","-0.41%"
"17-09-2021","665.25","671.40","674.40","662.75","5.41M","-0.39%"
"16-09-2021","667.85","679.75","680.75","665.00","4.66M","-0.92%"
"15-09-2021","674.05","674.00","680.55","670.00","4.15M","0.09%"
"14-09-2021","673.45","671.00","675.70","670.00","3.66M","0.40%"
"13-09-2021","670.75","662.35","671.85","657.85","5.59M","1.27%"
"09-09-2021","662.35","660.90","664.55","654.00","5.81M","0.02%"
"08-09-2021","662.20","675.40","675.40","660.00","6.72M","-1.79%"
"07-09-2021","674.25","690.00","690.00","672.75","6.41M","-1.78%"
"06-09-2021","686.45","656.65","688.70","656.65","12.34M","4.79%"
"03-09-2021","655.10","653.00","656.70","649.50","3.77M","0.56%"
"02-09-2021","651.45","645.00","657.00","640.75","4.54M","1.46%"
"01-09-2021","642.05","643.80","647.35","635.25","4.73M","0.17%"
"31-08-2021","640.95","634.60","642.55","628.90","7.80M","1.34%"
"30-08-2021","632.45","635.95","639.50","630.55","4.37M","-0.39%"
"27-08-2021","634.95","629.50","636.00","625.30","4.37M","0.95%"
"26-08-2021","628.95","632.20","638.50","626.00","4.21M","-0.43%"
"25-08-2021","631.65","635.00","642.80","629.55","6.41M","-0.30%"
"24-08-2021","633.55","636.00","636.00","624.10","4.48M","0.75%"
"23-08-2021","628.85","626.00","636.95","623.50","7.04M","1.42%"
"20-08-2021","620.05","622.50","631.95","618.00","6.17M","-1.49%"
"18-08-2021","629.40","635.75","639.20","624.60","6.92M","-0.87%"
"17-08-2021","634.90","613.75","637.05","611.20","11.82M","3.40%"
"16-08-2021","614.05","616.10","620.90","610.50","3.57M","-0.24%"
"13-08-2021","615.50","606.00","620.45","606.00","8.36M","1.59%"
"12-08-2021","605.85","602.00","608.90","600.65","3.95M","0.77%"
"11-08-2021","601.25","601.90","606.50","598.45","4.28M","-0.43%"
"10-08-2021","603.85","598.40","608.95","593.10","7.03M","1.18%"
"09-08-2021","596.80","600.00","606.00","595.50","4.65M","-0.20%"
"06-08-2021","598.00","603.75","606.40","596.30","5.27M","-0.48%"
"05-08-2021","600.90","597.50","614.50","597.50","11.29M","0.69%"
"04-08-2021","596.80","603.50","604.00","594.30","4.51M","-0.43%"
"03-08-2021","599.40","604.00","604.00","594.15","5.17M","1.21%"
"02-08-2021","592.25","588.20","595.40","582.25","4.62M","0.87%"
"30-07-2021","587.15","588.85","593.00","585.00","3.18M","-0.56%"
"29-07-2021","590.45","593.60","598.00","587.90","5.83M","-0.25%"
"28-07-2021","591.95","590.95","593.35","583.00","4.57M","0.08%"
"27-07-2021","591.45","588.90","594.65","584.15","3.98M","0.17%"
"26-07-2021","590.45","600.10","600.50","588.25","6.10M","-1.45%"
"23-07-2021","599.15","586.50","601.80","583.70","14.06M","2.56%"
"22-07-2021","584.20","577.10","585.00","571.00","12.04M","2.83%"
"20-07-2021","568.10","575.70","578.15","561.55","10.52M","-0.99%"
"19-07-2021","573.80","572.55","584.00","570.00","10.86M","-0.68%"
"16-07-2021","577.75","580.00","589.25","568.30","36.91M","0.32%"
"15-07-2021","575.90","561.00","579.65","559.00","31.07M","2.53%"
"14-07-2021","561.70","526.25","563.30","525.60","29.35M","7.02%"
"13-07-2021","524.85","528.00","529.50","522.60","4.17M","-0.19%"
"12-07-2021","525.85","530.75","532.15","523.20","3.87M","0.01%"
"09-07-2021","525.80","527.40","530.95","523.25","5.72M","-0.98%"
"08-07-2021","531.00","533.90","536.95","528.00","4.57M","-0.22%"
"07-07-2021","532.15","534.05","536.40","525.10","5.38M","-0.08%"
"06-07-2021","532.60","536.55","538.30","531.85","4.19M","-0.70%"
"05-07-2021","536.35","542.90","542.90","535.55","3.44M","-0.42%"
"02-07-2021","538.60","540.10","542.30","533.60","4.16M","-0.14%"
"01-07-2021","539.35","545.00","545.90","538.00","4.33M","-1.15%"
"30-06-2021","545.65","544.85","548.00","542.00","4.29M","0.56%"
"29-06-2021","542.60","547.80","553.75","541.00","7.93M","-0.88%"
"28-06-2021","547.40","549.75","550.80","544.25","3.26M","-0.02%"
"25-06-2021","547.50","549.85","551.00","540.50","5.04M","-0.28%"
"24-06-2021","549.05","541.90","550.55","539.20","8.67M","1.65%"
"23-06-2021","540.15","560.00","560.85","538.40","11.24M","-2.95%"
"22-06-2021","556.55","545.25","559.95","542.30","5.75M","2.66%"
"21-06-2021","542.15","544.75","544.75","535.20","5.39M","-1.39%"
"18-06-2021","549.80","560.00","561.95","546.05","10.01M","-1.59%"
"17-06-2021","558.70","552.50","561.50","549.55","4.40M","0.62%"
"16-06-2021","555.25","559.90","562.55","553.50","5.50M","-0.47%"
"15-06-2021","557.90","561.50","564.00","557.00","3.84M","-0.66%"
"14-06-2021","561.60","553.90","562.80","553.00","5.95M","1.32%"
"11-06-2021","554.30","555.00","558.95","551.50","5.61M","0.01%"
"10-06-2021","554.25","545.55","555.50","545.55","5.72M","1.85%"
"09-06-2021","544.20","553.00","553.25","542.20","6.21M","-1.16%"
"08-06-2021","550.60","550.00","555.50","549.15","5.43M","0.43%"
"07-06-2021","548.25","544.70","551.20","542.70","4.35M","1.30%"
"04-06-2021","541.20","543.50","545.50","540.45","4.77M","0.40%"
"03-06-2021","539.05","545.70","549.90","538.30","5.64M","-0.73%"
"02-06-2021","543.00","541.95","545.00","533.00","4.71M","0.04%"
"01-06-2021","542.80","541.90","547.00","539.65","5.97M","0.70%"
"31-05-2021","539.05","538.70","540.55","531.05","5.39M","0.06%"
"28-05-2021","538.70","539.00","540.30","532.65","5.88M","-0.41%"
"27-05-2021","540.90","527.25","545.00","525.05","29.41M","2.59%"
"26-05-2021","527.25","514.90","530.45","514.75","8.82M","1.87%"
"25-05-2021","517.55","517.40","524.85","515.70","7.95M","0.51%"
"24-05-2021","514.90","511.90","518.50","509.65","7.44M","0.43%"
"21-05-2021","512.70","510.00","515.90","509.15","5.20M","0.88%"
"20-05-2021","508.25","516.00","517.00","503.60","6.29M","-0.66%"
"19-05-2021","511.65","508.30","517.80","505.15","7.49M","0.71%"
"18-05-2021","508.05","502.00","514.80","500.90","9.38M","1.65%"
"17-05-2021","499.80","498.45","503.70","495.00","5.75M","0.27%"
"14-05-2021","498.45","507.50","508.40","492.75","6.80M","-1.80%"
"12-05-2021","507.60","519.95","522.55","504.85","7.87M","-2.08%"
"11-05-2021","518.40","517.95","523.30","514.05","7.65M","-1.44%"
"10-05-2021","525.95","517.60","528.50","513.25","12.54M","2.08%"
"07-05-2021","515.25","514.00","516.55","507.50","14.67M","0.58%"
"06-05-2021","512.30","493.70","514.80","487.25","24.41M","4.42%"
"05-05-2021","490.60","484.80","496.00","483.30","11.86M","1.79%"
"04-05-2021","481.95","487.30","488.30","477.80","8.10M","-1.11%"
"03-05-2021","487.35","487.95","496.00","483.25","8.60M","-1.10%"
"30-04-2021","492.75","491.50","511.80","489.30","29.12M","0.59%"
"29-04-2021","489.85","492.70","492.80","485.70","7.64M","0.11%"
"28-04-2021","489.30","485.85","493.20","481.25","9.62M","0.88%"
"27-04-2021","485.05","481.40","487.00","481.00","7.21M","0.99%"
"26-04-2021","480.30","479.40","483.85","477.00","9.31M","0.97%"
"23-04-2021","475.70","483.55","487.35","474.35","13.60M","-2.25%"
"22-04-2021","486.65","471.60","494.50","471.60","42.62M","3.52%"
"20-04-2021","470.10","476.00","477.55","467.80","17.73M","-0.56%"
"19-04-2021","472.75","463.00","477.95","461.10","43.81M","0.76%"
"16-04-2021","469.20","441.70","473.65","436.00","109.36M","8.94%"
"15-04-2021","430.70","418.90","434.45","415.00","26.76M","2.80%"
"13-04-2021","418.95","432.00","437.55","412.60","20.42M","-3.16%"
"12-04-2021","432.60","450.00","450.10","429.40","15.09M","-3.89%"
"09-04-2021","450.10","442.90","451.35","440.00","11.70M","1.81%"
"08-04-2021","442.10","441.95","445.95","440.00","12.92M","0.94%"
"07-04-2021","438.00","425.00","439.00","423.40","13.87M","2.54%"
"06-04-2021","427.15","427.95","428.90","422.35","8.32M","0.40%"
"05-04-2021","425.45","416.45","427.90","416.20","21.22M","2.17%"
"01-04-2021","416.40","418.85","422.85","414.35","7.60M","0.54%"
"31-03-2021","414.15","419.80","419.80","413.35","7.45M","-0.94%"
"30-03-2021","418.10","405.00","420.45","405.00","13.17M","3.52%"
"26-03-2021","403.90","404.80","407.70","400.65","9.03M","1.06%"
"25-03-2021","399.65","410.70","411.70","397.75","12.74M","-2.76%"
"24-03-2021","411.00","411.35","415.45","409.20","5.14M","-1.08%"
"23-03-2021","415.50","417.70","423.40","412.70","11.58M","0.25%"
"22-03-2021","414.45","411.05","416.25","410.20","6.62M","0.96%"
"19-03-2021","410.50","408.95","413.65","399.45","16.88M","0.09%"
"18-03-2021","410.15","423.25","424.15","404.30","10.08M","-2.26%"
"17-03-2021","419.65","429.00","435.50","417.70","12.13M","-2.25%"
"16-03-2021","429.30","427.25","434.95","425.65","10.67M","0.69%"
"15-03-2021","426.35","424.80","428.60","417.80","7.52M","0.27%"
"12-03-2021","425.20","431.50","432.80","422.10","8.96M","-0.35%"
"10-03-2021","426.70","426.10","430.70","423.00","17.29M","1.79%"
"09-03-2021","419.20","419.80","422.80","410.05","11.91M","0.55%"
"08-03-2021","416.90","425.10","425.15","415.55","12.35M","-0.94%"
"05-03-2021","420.85","440.00","440.00","417.00","43.93M","-4.09%"
"04-03-2021","438.80","428.90","444.30","427.50","12.96M","0.76%"
"03-03-2021","435.50","433.00","436.65","428.25","8.78M","1.18%"
"02-03-2021","430.40","419.70","433.10","418.25","14.88M","3.86%"
"01-03-2021","414.40","411.00","418.70","409.20","6.42M","1.00%"
"26-02-2021","410.30","417.95","419.85","408.00","11.73M","-2.61%"
"25-02-2021","421.30","423.10","429.00","420.45","9.11M","-0.43%"
"24-02-2021","423.10","417.70","425.80","414.75","5.06M","1.83%"
"23-02-2021","415.50","419.70","426.00","414.30","8.99M","-0.76%"
"22-02-2021","418.70","430.70","432.85","416.00","10.67M","-2.62%"
"19-02-2021","429.95","433.15","435.75","426.10","8.48M","-0.69%"
"18-02-2021","432.95","430.30","436.65","429.35","8.39M","0.64%"
"17-02-2021","430.20","435.90","439.00","428.50","7.39M","-1.68%"
"16-02-2021","437.55","446.00","447.80","433.80","12.45M","-0.49%"
"15-02-2021","439.70","444.60","444.90","436.80","7.84M","-0.52%"
"12-02-2021","442.00","440.00","449.20","439.60","19.28M","1.14%"
"11-02-2021","437.00","439.00","440.50","433.40","9.24M","-0.46%"
"10-02-2021","439.00","442.00","444.15","435.00","10.61M","-0.08%"
"09-02-2021","439.35","440.25","451.75","435.20","29.47M","0.93%"
"08-02-2021","435.30","430.35","437.70","426.30","12.52M","2.29%"
"05-02-2021","425.55","432.00","433.40","420.55","8.68M","-1.01%"
"04-02-2021","429.90","433.50","436.90","428.25","7.19M","-0.83%"
"03-02-2021","433.50","430.20","439.95","430.20","9.90M","1.20%"
"02-02-2021","428.35","428.00","435.55","423.65","13.31M","1.63%"
"01-02-2021","421.50","416.10","423.80","408.20","15.08M","0.86%"
"29-01-2021","417.90","437.40","437.70","415.55","15.63M","-3.24%"
"28-01-2021","431.90","443.25","448.60","427.30","14.81M","-3.26%"
"27-01-2021","446.45","438.00","454.75","437.25","29.59M","2.10%"
"25-01-2021","437.25","445.15","451.00","435.15","7.38M","-1.69%"
"22-01-2021","444.75","447.45","452.00","440.45","11.40M","-0.24%"
"21-01-2021","445.80","451.60","453.45","442.30","15.91M","0.19%"
"20-01-2021","444.95","434.00","447.85","433.00","24.42M","3.42%"
"19-01-2021","430.25","433.00","439.55","427.70","15.68M","-0.30%"
"18-01-2021","431.55","441.00","445.00","429.10","21.51M","-1.60%"
"15-01-2021","438.55","454.75","459.40","436.60","25.31M","-3.48%"
"14-01-2021","454.35","452.00","466.00","430.00","71.55M","-1.01%"
"13-01-2021","459.00","461.00","467.45","452.80","29.19M","0.28%"
"12-01-2021","457.70","447.95","460.75","442.40","22.13M","2.44%"
"11-01-2021","446.80","436.00","451.00","435.00","47.33M","3.86%"
"08-01-2021","430.20","407.50","432.65","407.25","40.99M","5.77%"
"07-01-2021","406.75","412.25","413.00","403.85","12.34M","0.09%"
"06-01-2021","406.40","405.00","417.40","403.30","22.49M","0.02%"
"05-01-2021","406.30","394.10","409.80","393.50","25.16M","2.50%"
"04-01-2021","396.40","390.00","397.95","387.80","9.76M","2.14%"
"01-01-2021","388.10","385.05","390.75","385.05","5.04M","0.48%"
"31-12-2020","386.25","381.20","387.60","381.20","6.39M","0.48%"
"30-12-2020","384.40","385.00","386.60","382.80","7.19M","-0.16%"
"29-12-2020","385.00","384.00","390.50","383.10","11.46M","0.55%"
"28-12-2020","382.90","383.45","386.40","382.00","4.73M","0.18%"
"24-12-2020","382.20","386.45","386.70","378.65","12.24M","-0.87%"
"23-12-2020","385.55","374.00","387.60","371.70","44.87M","5.86%"
"22-12-2020","364.20","354.00","365.70","349.45","8.19M","2.90%"
"21-12-2020","353.95","362.50","367.45","348.35","9.67M","-2.64%"
"18-12-2020","363.55","358.95","365.80","357.50","17.40M","1.86%"
"17-12-2020","356.90","358.40","359.25","355.50","4.17M","-0.42%"
"16-12-2020","358.40","353.90","358.95","353.20","6.67M","1.62%"
"15-12-2020","352.70","349.30","353.90","347.50","7.23M","0.96%"
"14-12-2020","349.35","353.50","354.55","347.10","11.50M","-1.17%"
"11-12-2020","353.50","357.40","360.00","352.65","5.86M","-0.67%"
"10-12-2020","355.90","356.20","358.00","352.75","6.90M","-1.00%"
"09-12-2020","359.50","367.75","367.75","357.50","18.14M","-1.15%"
"08-12-2020","363.70","360.30","365.00","358.40","11.81M","1.46%"
"07-12-2020","358.45","362.00","362.75","357.50","8.39M","-0.65%"
"04-12-2020","360.80","361.10","362.40","359.00","7.43M","0.14%"
"03-12-2020","360.30","364.00","364.00","358.00","10.70M","0.39%"
"02-12-2020","358.90","354.45","360.30","354.20","9.43M","1.71%"
"01-12-2020","352.85","352.70","353.90","346.25","10.69M","0.67%"
"27-11-2020","350.50","354.85","357.50","347.85","12.40M","-1.23%"
"26-11-2020","354.85","351.00","356.40","347.20","7.37M","1.39%"
"25-11-2020","350.00","357.90","358.80","349.55","6.81M","-1.55%"
"24-11-2020","355.50","359.00","361.40","355.00","10.09M","-0.10%"
"23-11-2020","355.85","348.00","357.40","346.00","10.33M","2.76%"
"20-11-2020","346.30","343.80","348.50","342.05","6.18M","1.08%"
"19-11-2020","342.60","347.70","349.50","341.60","11.06M","-0.78%"
"18-11-2020","345.30","349.75","352.35","341.80","7.41M","-0.98%"
"17-11-2020","348.70","347.00","350.50","343.70","6.65M","1.32%"
"13-11-2020","344.15","344.50","346.25","342.70","4.73M","-0.41%"
"12-11-2020","345.55","348.00","350.70","344.30","5.11M","-0.35%"
"11-11-2020","346.75","344.50","347.75","341.50","7.64M","1.30%"
"10-11-2020","342.30","350.75","350.75","341.15","9.05M","-2.74%"
"09-11-2020","351.95","350.00","352.80","347.00","7.11M","1.79%"
"06-11-2020","345.75","346.15","349.00","343.40","5.46M","0.10%"
"05-11-2020","345.40","347.95","349.00","344.05","5.60M","0.71%"
"04-11-2020","342.95","338.00","351.55","337.50","15.38M","2.17%"
"03-11-2020","335.65","335.50","339.45","332.65","4.76M","0.25%"
"02-11-2020","334.80","341.75","341.75","333.70","4.83M","-1.73%"
"30-10-2020","340.70","339.25","345.00","338.45","11.50M","0.96%"
"29-10-2020","337.45","333.65","340.00","331.15","7.24M","0.54%"
"28-10-2020","335.65","335.75","339.85","334.40","8.98M","0.48%"
"27-10-2020","334.05","338.30","339.75","331.05","9.91M","-1.69%"
"26-10-2020","339.80","343.70","344.90","336.70","8.70M","-0.76%"
"23-10-2020","342.40","346.90","347.10","341.30","8.67M","-0.60%"
"22-10-2020","344.45","341.00","348.20","340.85","9.54M","0.29%"
"21-10-2020","343.45","349.60","350.10","339.10","9.97M","-0.95%"
"20-10-2020","346.75","344.75","349.50","341.85","17.00M","1.03%"
"19-10-2020","343.20","342.45","346.50","338.65","12.85M","1.05%"
"16-10-2020","339.65","342.90","348.10","338.60","25.25M","-0.57%"
"15-10-2020","341.60","351.00","354.25","338.95","38.96M","-2.53%"
"14-10-2020","350.45","365.00","365.00","348.30","74.14M","-6.78%"
"13-10-2020","375.95","377.30","381.70","372.95","36.09M","-0.41%"
"12-10-2020","377.50","377.00","379.80","369.10","52.97M","0.94%"
"09-10-2020","374.00","362.00","376.10","357.25","55.43M","4.05%"
"08-10-2020","359.45","351.00","367.75","346.45","107.27M","7.20%"
"07-10-2020","335.30","327.00","336.55","325.50","17.74M","1.59%"
"06-10-2020","330.05","335.00","335.30","323.00","27.58M","-1.17%"
"05-10-2020","333.95","315.20","336.00","315.20","38.91M","6.68%"
"01-10-2020","313.05","316.40","317.85","312.05","9.26M","-0.16%"
"30-09-2020","313.55","312.00","315.85","309.60","12.39M","0.66%"
"29-09-2020","311.50","315.00","318.55","310.50","14.83M","-0.02%"
"28-09-2020","311.55","315.00","317.00","309.60","12.46M","-0.75%"
"25-09-2020","313.90","306.30","315.25","304.20","22.01M","3.02%"
"24-09-2020","304.70","313.40","313.40","302.45","17.92M","-3.22%"
"23-09-2020","314.85","315.00","321.80","311.15","22.14M","0.83%"
"22-09-2020","312.25","315.40","316.75","303.95","23.51M","0.11%"
"21-09-2020","311.90","315.90","324.50","309.95","22.74M","-1.45%"
"18-09-2020","316.50","314.00","319.00","312.25","18.49M","1.54%"
"17-09-2020","311.70","307.25","316.70","307.20","26.81M","-0.14%"
"16-09-2020","312.15","307.00","313.50","304.05","14.99M","1.56%"
"15-09-2020","307.35","307.20","311.25","302.75","28.16M","0.05%"
"14-09-2020","307.20","293.25","308.55","293.15","38.09M","4.74%"
"11-09-2020","293.30","282.50","298.45","282.50","41.94M","3.08%"
"10-09-2020","284.55","286.65","286.85","281.10","9.52M","0.60%"
"09-09-2020","282.85","279.80","289.45","278.50","22.79M","0.11%"
"08-09-2020","282.55","282.20","286.95","278.50","22.29M","1.36%"
"07-09-2020","278.75","276.50","279.50","271.50","8.33M","1.00%"
"04-09-2020","276.00","278.70","279.50","275.10","10.71M","-2.42%"
"03-09-2020","282.85","275.50","287.85","274.50","24.90M","3.34%"
"02-09-2020","273.70","272.90","276.50","271.20","8.43M","0.77%"
"01-09-2020","271.60","271.00","279.40","269.00","12.29M","0.11%"
"31-08-2020","271.30","274.00","282.00","268.00","20.57M","-0.28%"
"28-08-2020","272.05","274.70","275.00","271.30","7.60M","-0.11%"
"27-08-2020","272.35","273.00","275.20","271.50","6.19M","0.11%"
"26-08-2020","272.05","269.95","274.70","268.00","9.63M","0.78%"
"25-08-2020","269.95","274.35","274.70","269.35","7.80M","-1.01%"
"24-08-2020","272.70","273.50","274.45","271.90","6.15M","-0.24%"
"21-08-2020","273.35","278.95","278.95","272.70","7.98M","-0.31%"
"20-08-2020","274.20","279.00","279.00","273.20","9.89M","-1.98%"
"19-08-2020","279.75","285.50","285.95","279.25","9.37M","-1.04%"
"18-08-2020","282.70","284.75","287.40","281.70","12.05M","0.27%"
"17-08-2020","281.95","278.60","286.40","277.65","14.55M","1.97%"
"14-08-2020","276.50","278.50","280.75","275.90","6.58M","-0.18%"
"13-08-2020","277.00","277.90","281.85","274.80","9.65M","0.29%"
"12-08-2020","276.20","280.40","280.70","274.55","8.90M","-1.23%"
"11-08-2020","279.65","279.00","284.65","278.30","10.08M","0.81%"
"10-08-2020","277.40","280.00","281.20","276.60","6.31M","0.00%"
"07-08-2020","277.40","281.05","281.85","276.40","7.32M","-0.80%"
"06-08-2020","279.65","280.70","284.25","277.75","10.15M","0.52%"
"05-08-2020","278.20","281.25","284.45","277.40","7.35M","-1.01%"
"04-08-2020","281.05","281.55","283.35","278.25","8.12M","-0.18%"
"03-08-2020","281.55","283.00","284.80","279.50","8.91M","0.21%"
"31-07-2020","280.95","289.60","290.80","278.60","16.70M","-1.11%"
"30-07-2020","284.10","280.10","286.80","280.10","25.85M","2.56%"
"29-07-2020","277.00","273.80","278.00","272.35","10.78M","0.56%"
"28-07-2020","275.45","269.30","276.75","269.30","14.04M","2.45%"
"27-07-2020","268.85","270.55","273.20","267.15","13.99M","-0.63%"
"24-07-2020","270.55","267.00","271.80","265.55","22.12M","1.48%"
"23-07-2020","266.60","268.30","268.45","262.55","10.37M","0.23%"
"22-07-2020","266.00","272.45","272.85","263.65","12.58M","-1.97%"
"21-07-2020","271.35","278.50","281.60","269.40","33.00M","0.20%"
"20-07-2020","270.80","261.35","273.55","259.00","21.40M","3.62%"
"17-07-2020","261.35","258.60","263.85","257.00","18.86M","-0.21%"
"16-07-2020","261.90","262.50","268.45","255.05","52.28M","-0.32%"
"15-07-2020","262.75","236.00","268.70","235.00","130.37M","16.78%"
"14-07-2020","225.00","228.40","231.70","224.10","13.94M","-1.14%"
"13-07-2020","227.60","223.95","229.00","222.55","12.35M","2.48%"
"10-07-2020","222.10","221.00","223.45","219.50","4.55M","0.23%"
"09-07-2020","221.60","224.25","224.60","219.65","6.71M","-0.67%"
"08-07-2020","223.10","226.65","227.70","222.50","7.08M","-0.80%"
"07-07-2020","224.90","223.20","228.40","222.00","9.12M","1.01%"
"06-07-2020","222.65","225.90","227.25","221.60","7.59M","-0.96%"
"03-07-2020","224.80","224.20","228.50","222.65","5.42M","0.27%"
"02-07-2020","224.20","221.00","225.45","219.55","7.18M","2.35%"
"01-07-2020","219.05","221.00","222.40","218.35","3.95M","-0.27%"
"30-06-2020","219.65","219.60","221.95","218.00","5.50M","-0.02%"
"29-06-2020","219.70","222.05","225.90","218.70","6.69M","-2.55%"
"26-06-2020","225.45","219.30","230.00","218.30","19.19M","3.32%"
"25-06-2020","218.20","216.95","222.00","215.30","5.10M","0.00%"
"24-06-2020","218.20","224.00","224.00","217.55","8.25M","-1.09%"
"23-06-2020","220.60","215.00","222.30","213.00","7.43M","1.17%"
"22-06-2020","218.05","221.15","221.75","216.80","6.48M","-1.80%"
"19-06-2020","222.05","218.00","224.10","215.00","11.22M","1.79%"
"18-06-2020","218.15","216.80","219.30","214.65","6.20M","0.16%"
"17-06-2020","217.80","212.00","218.75","211.05","13.97M","2.54%"
"16-06-2020","212.40","217.45","217.90","209.60","7.96M","-0.65%"
"15-06-2020","213.80","211.95","217.90","208.15","14.26M","2.84%"
"12-06-2020","207.90","208.00","209.50","206.30","6.21M","-2.35%"
"11-06-2020","212.90","217.00","217.65","212.35","6.25M","-1.89%"
"10-06-2020","217.00","220.00","221.05","215.60","7.39M","-0.62%"
"09-06-2020","218.35","224.10","226.30","217.15","7.85M","-3.58%"
"08-06-2020","226.45","219.00","227.30","215.85","12.21M","3.52%"
"05-06-2020","218.75","220.00","220.25","215.00","7.25M","1.16%"
"04-06-2020","216.25","211.35","219.95","210.15","7.40M","2.32%"
"03-06-2020","211.35","216.10","217.45","210.55","8.42M","-2.08%"
"02-06-2020","215.85","215.10","218.55","210.95","6.41M","0.37%"
"01-06-2020","215.05","215.50","221.00","213.40","13.37M","1.06%"
"29-05-2020","212.80","199.35","214.90","196.15","30.63M","6.75%"
"28-05-2020","199.35","203.50","203.50","196.05","12.35M","-0.94%"
"27-05-2020","201.25","189.60","205.50","187.70","18.08M","6.59%"
"26-05-2020","188.80","189.00","193.20","185.70","5.91M","-0.11%"
"22-05-2020","189.00","189.05","190.85","186.45","4.59M","-0.05%"
"21-05-2020","189.10","183.40","191.70","183.40","7.13M","2.24%"
"20-05-2020","184.95","185.00","185.90","182.20","7.71M","0.30%"
"19-05-2020","184.40","182.25","186.00","178.00","5.74M","1.21%"
"18-05-2020","182.20","182.05","185.00","179.60","7.23M","-0.87%"
"15-05-2020","183.80","186.00","186.00","182.65","3.43M","-1.18%"
"14-05-2020","186.00","184.75","187.35","183.10","5.16M","-1.95%"
"13-05-2020","189.70","191.50","191.50","185.15","5.28M","1.42%"
"12-05-2020","187.05","184.20","188.00","182.60","3.52M","1.27%"
"11-05-2020","184.70","185.00","189.95","184.10","4.39M","0.38%"
"08-05-2020","184.00","185.20","186.00","182.55","4.11M","-0.05%"
"07-05-2020","184.10","184.00","185.40","181.20","5.70M","-1.58%"
"06-05-2020","187.05","185.70","188.00","181.00","5.44M","1.55%"
"05-05-2020","184.20","191.45","194.00","182.20","6.93M","-3.08%"
"04-05-2020","190.05","184.50","191.30","183.05","8.57M","-0.47%"
"30-04-2020","190.95","185.00","192.60","183.55","8.83M","5.70%"
"29-04-2020","180.65","180.10","182.45","179.40","5.03M","0.53%"
"28-04-2020","179.70","182.10","182.95","178.00","6.66M","-1.29%"
"27-04-2020","182.05","180.00","182.90","175.50","9.14M","2.42%"
"24-04-2020","177.75","179.95","180.80","177.15","4.64M","-1.74%"
"23-04-2020","180.90","179.40","182.60","177.10","5.56M","1.32%"
"22-04-2020","178.55","177.00","179.50","175.05","5.31M","0.28%"
"21-04-2020","178.05","179.00","179.90","173.80","9.04M","-1.68%"
"20-04-2020","181.10","189.00","189.00","180.15","8.10M","-3.16%"
"17-04-2020","187.00","192.50","193.75","185.55","6.61M","-0.45%"
"16-04-2020","187.85","180.00","189.75","180.00","21.69M","0.70%"
"15-04-2020","186.55","190.05","193.60","185.80","11.33M","-1.40%"
"13-04-2020","189.20","198.00","198.00","182.90","6.19M","-3.81%"
"09-04-2020","196.70","198.40","202.95","195.05","3.47M","1.97%"
"08-04-2020","192.90","191.50","200.00","188.80","5.14M","0.52%"
"07-04-2020","191.90","188.25","192.70","183.05","4.78M","6.61%"
"03-04-2020","180.00","188.00","189.60","177.75","6.57M","-5.01%"
"01-04-2020","189.50","195.70","195.70","187.00","4.94M","-3.66%"
"31-03-2020","196.70","187.00","199.80","185.65","5.31M","6.82%"
"30-03-2020","184.15","181.10","187.40","179.35","3.67M","0.35%"
"27-03-2020","183.50","183.15","189.50","181.50","6.77M","0.49%"
"26-03-2020","182.60","176.95","186.80","172.50","5.12M","4.55%"
"25-03-2020","174.65","177.40","188.00","170.20","6.73M","-0.96%"
"24-03-2020","176.35","168.50","181.75","168.05","6.04M","3.64%"
"23-03-2020","170.15","165.00","177.00","165.00","5.36M","-5.05%"
"20-03-2020","179.20","163.10","185.80","162.50","10.16M","10.38%"
"19-03-2020","162.35","165.00","171.35","159.40","5.99M","-4.47%"
"18-03-2020","169.95","176.70","178.50","168.50","6.37M","-1.82%"
"17-03-2020","173.10","178.55","185.55","170.75","6.09M","-3.70%"
"16-03-2020","179.75","193.95","193.95","178.55","5.60M","-8.94%"
"13-03-2020","197.40","199.00","204.45","169.25","6.52M","-0.85%"
"12-03-2020","199.10","204.00","206.95","197.50","5.38M","-6.57%"
"11-03-2020","213.10","203.70","214.40","203.70","6.14M","-0.61%"
"09-03-2020","214.40","220.20","221.00","213.00","8.73M","-4.09%"
"06-03-2020","223.55","225.00","226.00","222.55","2.93M","-2.68%"
"05-03-2020","229.70","229.05","233.90","228.65","2.97M","0.37%"
"04-03-2020","228.85","224.90","229.75","222.45","4.52M","2.30%"
"03-03-2020","223.70","224.00","225.80","220.60","5.17M","1.31%"
"02-03-2020","220.80","225.80","227.00","218.40","5.77M","-0.29%"
"28-02-2020","221.45","228.50","229.50","219.70","5.64M","-4.38%"
"27-02-2020","231.60","238.95","238.95","230.50","4.87M","-3.46%"
"26-02-2020","239.90","243.05","243.45","238.40","3.99M","-1.72%"
"25-02-2020","244.10","244.15","246.65","242.45","2.53M","-0.04%"
"24-02-2020","244.20","245.00","247.80","242.40","3.52M","-0.61%"
"20-02-2020","245.70","248.00","248.55","245.10","2.12M","-0.77%"
"19-02-2020","247.60","244.50","248.35","244.50","1.79M","1.45%"
"18-02-2020","244.05","243.75","244.85","241.25","1.25M","0.10%"
"17-02-2020","243.80","242.90","245.00","241.95","1.02M","0.37%"
"14-02-2020","242.90","243.80","245.35","242.00","1.81M","-0.35%"
"13-02-2020","243.75","245.80","245.80","242.50","2.41M","-0.29%"
"12-02-2020","244.45","241.70","247.15","241.70","3.42M","1.33%"
"11-02-2020","241.25","240.55","242.90","239.80","2.73M","0.15%"
"10-02-2020","240.90","245.40","245.65","239.45","2.26M","-1.25%"
"07-02-2020","243.95","247.00","247.00","242.95","2.76M","0.12%"
"06-02-2020","243.65","242.75","245.95","241.65","3.06M","0.58%"
"05-02-2020","242.25","241.60","243.00","237.30","3.88M","0.83%"
"04-02-2020","240.25","239.00","241.25","237.90","3.16M","1.20%"
"03-02-2020","237.40","237.70","240.15","235.25","4.23M","0.25%"
"01-02-2020","236.80","236.75","239.30","234.30","2.10M","0.00%"
"31-01-2020","236.80","238.00","239.15","235.00","5.55M","-1.62%"
"30-01-2020","240.70","247.60","247.60","240.20","2.15M","-2.45%"